,맥주,년,평점
0,ARK Seoulite Ale,2018,2.8833333333333333
1,ARK Seoulite Ale,2019,3.05
2,ARK Seoulite Ale,2020,3.35
3,Asahi Super Dry,2000,2.7000000000000006
4,Asahi Super Dry,2001,2.4857142857142853
5,Asahi Super Dry,2002,2.4011235955056183
6,Asahi Super Dry,2003,2.2265060240963863
7,Asahi Super Dry,2004,2.151190476190475
8,Asahi Super Dry,2005,1.9711340206185564
9,Asahi Super Dry,2006,2.0516483516483524
10,Asahi Super Dry,2007,2.0166666666666653
11,Asahi Super Dry,2008,2.1533333333333347
12,Asahi Super Dry,2009,2.0538461538461545
13,Asahi Super Dry,2010,2.04320987654321
14,Asahi Super Dry,2011,2.226363636363637
15,Asahi Super Dry,2012,2.1257142857142868
16,Asahi Super Dry,2013,2.230952380952381
17,Asahi Super Dry,2014,2.220588235294117
18,Asahi Super Dry,2015,2.133333333333334
19,Asahi Super Dry,2016,2.217142857142857
20,Asahi Super Dry,2017,2.36986301369863
21,Asahi Super Dry,2018,2.5887323943661973
22,Asahi Super Dry,2019,2.410937500000001
23,Asahi Super Dry,2020,2.345945945945947
24,Asahi Super Dry,2021,2.4
25,Asahi Super Dry Black,2012,2.4615384615384617
26,Asahi Super Dry Black,2013,2.375
27,Asahi Super Dry Black,2014,2.6749999999999994
28,Asahi Super Dry Black,2015,2.5000000000000004
29,Asahi Super Dry Black,2016,2.82
30,Asahi Super Dry Black,2017,2.7181818181818183
31,Asahi Super Dry Black,2018,2.7
32,Asahi Super Dry Black,2019,2.8666666666666667
33,Asahi Super Dry Black,2020,2.96
34,Bali Hai Premium Lager,2019,2.4
35,Bavaria 8.6 (Original),2000,2.5
36,Bavaria 8.6 (Original),2001,1.8333333333333333
37,Bavaria 8.6 (Original),2002,2.0769230769230766
38,Bavaria 8.6 (Original),2003,2.2
39,Bavaria 8.6 (Original),2004,2.233333333333333
40,Bavaria 8.6 (Original),2005,2.2076923076923083
41,Bavaria 8.6 (Original),2006,1.976
42,Bavaria 8.6 (Original),2007,2.575
43,Bavaria 8.6 (Original),2008,1.8666666666666665
44,Bavaria 8.6 (Original),2009,2.0785714285714283
45,Bavaria 8.6 (Original),2010,2.1357142857142857
46,Bavaria 8.6 (Original),2011,2.2153846153846155
47,Bavaria 8.6 (Original),2012,2.32
48,Bavaria 8.6 (Original),2013,2.3809523809523814
49,Bavaria 8.6 (Original),2014,1.935
50,Bavaria 8.6 (Original),2015,2.5217391304347827
51,Bavaria 8.6 (Original),2016,2.257142857142858
52,Bavaria 8.6 (Original),2017,2.231578947368421
53,Bavaria 8.6 (Original),2018,2.1
54,Bavaria 8.6 (Original),2019,2.094117647058824
55,Bavaria 8.6 (Original),2020,2.7500000000000004
56,Bavaria 8.6 (Original),2021,2.5
57,Bavaria Pilsener,2000,1.9
58,Bavaria Pilsener,2001,2.8571428571428568
59,Bavaria Pilsener,2002,2.1847457627118634
60,Bavaria Pilsener,2003,2.088636363636364
61,Bavaria Pilsener,2004,1.943478260869565
62,Bavaria Pilsener,2005,2.2245614035087717
63,Bavaria Pilsener,2006,2.2851851851851857
64,Bavaria Pilsener,2007,2.2657534246575346
65,Bavaria Pilsener,2008,2.2781818181818183
66,Bavaria Pilsener,2009,2.135135135135135
67,Bavaria Pilsener,2010,2.173684210526316
68,Bavaria Pilsener,2011,2.159420289855072
69,Bavaria Pilsener,2012,2.1750000000000003
70,Bavaria Pilsener,2013,2.1768292682926824
71,Bavaria Pilsener,2014,2.1378048780487813
72,Bavaria Pilsener,2015,2.151666666666666
73,Bavaria Pilsener,2016,2.37948717948718
74,Bavaria Pilsener,2017,2.107317073170732
75,Bavaria Pilsener,2018,2.626470588235294
76,Bavaria Pilsener,2019,2.2956521739130435
77,Bavaria Pilsener,2020,2.0600000000000005
78,Beck's,2000,2.9181818181818184
79,Beck's,2001,2.5808219178082195
80,Beck's,2002,2.526291079812207
81,Beck's,2003,2.4061643835616424
82,Beck's,2004,2.38896551724138
83,Beck's,2005,2.4118055555555555
84,Beck's,2006,2.3576388888888897
85,Beck's,2007,2.393081761006289
86,Beck's,2008,2.3273809523809543
87,Beck's,2009,2.2099999999999995
88,Beck's,2010,2.2235294117647064
89,Beck's,2011,2.349999999999999
90,Beck's,2012,2.34026845637584
91,Beck's,2013,2.343661971830985
92,Beck's,2014,2.162790697674419
93,Beck's,2015,2.3008620689655177
94,Beck's,2016,2.2919540229885063
95,Beck's,2017,2.2164556962025324
96,Beck's,2018,2.4738461538461545
97,Beck's,2019,2.418
98,Beck's,2020,2.3235294117647065
99,Berliner Kindl Jubiläums Pilsener Premium,2001,1.4666666666666668
100,Berliner Kindl Jubiläums Pilsener Premium,2002,1.85
101,Berliner Kindl Jubiläums Pilsener Premium,2003,3.083333333333333
102,Berliner Kindl Jubiläums Pilsener Premium,2004,2.3833333333333333
103,Berliner Kindl Jubiläums Pilsener Premium,2005,2.4
104,Berliner Kindl Jubiläums Pilsener Premium,2006,2.44
105,Berliner Kindl Jubiläums Pilsener Premium,2007,2.5500000000000003
106,Berliner Kindl Jubiläums Pilsener Premium,2008,2.40625
107,Berliner Kindl Jubiläums Pilsener Premium,2009,2.72
108,Berliner Kindl Jubiläums Pilsener Premium,2010,2.7
109,Berliner Kindl Jubiläums Pilsener Premium,2011,2.476923076923077
110,Berliner Kindl Jubiläums Pilsener Premium,2012,2.8440000000000007
111,Berliner Kindl Jubiläums Pilsener Premium,2013,2.3599999999999994
112,Berliner Kindl Jubiläums Pilsener Premium,2014,2.668
113,Berliner Kindl Jubiläums Pilsener Premium,2015,2.6518518518518523
114,Berliner Kindl Jubiläums Pilsener Premium,2016,2.575999999999999
115,Berliner Kindl Jubiläums Pilsener Premium,2017,2.7038461538461545
116,Berliner Kindl Jubiläums Pilsener Premium,2018,2.715
117,Berliner Kindl Jubiläums Pilsener Premium,2019,2.7333333333333334
118,Berliner Kindl Jubiläums Pilsener Premium,2020,2.772727272727273
119,Berliner Kindl Jubiläums Pilsener Premium,2021,2.8
120,Bintang Pilsener,2001,2.233333333333333
121,Bintang Pilsener,2002,1.96875
122,Bintang Pilsener,2003,1.8722222222222225
123,Bintang Pilsener,2004,1.8375
124,Bintang Pilsener,2005,2.0866666666666664
125,Bintang Pilsener,2006,1.9083333333333328
126,Bintang Pilsener,2007,1.885714285714286
127,Bintang Pilsener,2008,1.85625
128,Bintang Pilsener,2009,1.935
129,Bintang Pilsener,2010,2.081818181818182
130,Bintang Pilsener,2011,2.166666666666667
131,Bintang Pilsener,2012,2.0526315789473686
132,Bintang Pilsener,2013,2.07
133,Bintang Pilsener,2014,1.9833333333333327
134,Bintang Pilsener,2015,2.0680000000000005
135,Bintang Pilsener,2016,2.0250000000000004
136,Bintang Pilsener,2017,2.057377049180328
137,Bintang Pilsener,2018,2.0844444444444443
138,Bintang Pilsener,2019,2.4388888888888887
139,Bintang Pilsener,2020,1.95
140,Budweiser,2000,1.2347826086956522
141,Budweiser,2001,1.4881856540084384
142,Budweiser,2002,1.398617511520737
143,Budweiser,2003,1.4824626865671642
144,Budweiser,2004,1.3799999999999994
145,Budweiser,2005,1.4425170068027222
146,Budweiser,2006,1.324161073825504
147,Budweiser,2007,1.3340314136125655
148,Budweiser,2008,1.4865384615384616
149,Budweiser,2009,1.5837104072398196
150,Budweiser,2010,1.4211678832116783
151,Budweiser,2011,1.6202380952380948
152,Budweiser,2012,1.5826086956521719
153,Budweiser,2013,1.752466367713005
154,Budweiser,2014,1.6666666666666676
155,Budweiser,2015,1.6016949152542364
156,Budweiser,2016,1.9196261682243
157,Budweiser,2017,1.9595041322314048
158,Budweiser,2018,2.016153846153846
159,Budweiser,2019,2.0880597014925377
160,Budweiser,2020,2.1097560975609757
161,Burge Meester Shandy Lemon,2016,2.5
162,Burge Meester Shandy Lemon,2019,2.1
163,Carlsberg Pilsner,2000,3.0
164,Carlsberg Pilsner,2001,2.7851851851851848
165,Carlsberg Pilsner,2002,2.454878048780487
166,Carlsberg Pilsner,2003,2.3898734177215197
167,Carlsberg Pilsner,2004,2.1554216867469886
168,Carlsberg Pilsner,2005,2.269090909090909
169,Carlsberg Pilsner,2006,2.175652173913044
170,Carlsberg Pilsner,2007,2.264516129032257
171,Carlsberg Pilsner,2008,2.2353333333333336
172,Carlsberg Pilsner,2009,2.109649122807017
173,Carlsberg Pilsner,2010,2.2136363636363643
174,Carlsberg Pilsner,2011,2.222340425531914
175,Carlsberg Pilsner,2012,2.2437500000000004
176,Carlsberg Pilsner,2013,2.2650793650793646
177,Carlsberg Pilsner,2014,2.212087912087912
178,Carlsberg Pilsner,2015,2.296103896103896
179,Carlsberg Pilsner,2016,2.3375000000000004
180,Carlsberg Pilsner,2017,2.2533333333333334
181,Carlsberg Pilsner,2018,2.3568627450980384
182,Carlsberg Pilsner,2019,2.2984126984126987
183,Carlsberg Pilsner,2020,2.3806451612903228
184,Carlsberg Pilsner,2021,1.6
185,Cass Fresh,2002,1.2833333333333332
186,Cass Fresh,2003,1.525
187,Cass Fresh,2004,1.5625
188,Cass Fresh,2005,1.525
189,Cass Fresh,2006,1.7538461538461538
190,Cass Fresh,2007,1.5750000000000002
191,Cass Fresh,2008,1.4333333333333331
192,Cass Fresh,2009,1.5727272727272728
193,Cass Fresh,2010,1.3857142857142857
194,Cass Fresh,2011,1.45
195,Cass Fresh,2012,1.7999999999999998
196,Cass Fresh,2013,1.8214285714285716
197,Cass Fresh,2014,1.7791666666666668
198,Cass Fresh,2015,1.9
199,Cass Fresh,2016,1.7685714285714285
200,Cass Fresh,2017,1.864285714285714
201,Cass Fresh,2018,1.912
202,Cass Fresh,2019,1.96
203,Cass Fresh,2020,1.9714285714285715
204,Castlemaine XXXX Gold Lager,2000,2.2
205,Castlemaine XXXX Gold Lager,2001,1.8666666666666665
206,Castlemaine XXXX Gold Lager,2002,2.421428571428572
207,Castlemaine XXXX Gold Lager,2003,1.64375
208,Castlemaine XXXX Gold Lager,2004,1.6454545454545455
209,Castlemaine XXXX Gold Lager,2005,1.6846153846153844
210,Castlemaine XXXX Gold Lager,2006,1.4666666666666668
211,Castlemaine XXXX Gold Lager,2007,1.6562499999999998
212,Castlemaine XXXX Gold Lager,2008,2.085714285714286
213,Castlemaine XXXX Gold Lager,2009,1.83
214,Castlemaine XXXX Gold Lager,2010,1.9125
215,Castlemaine XXXX Gold Lager,2011,1.2600000000000002
216,Castlemaine XXXX Gold Lager,2012,1.5125000000000002
217,Castlemaine XXXX Gold Lager,2013,2.3909090909090907
218,Castlemaine XXXX Gold Lager,2014,1.4933333333333332
219,Castlemaine XXXX Gold Lager,2015,1.9
220,Castlemaine XXXX Gold Lager,2016,2.7875
221,Castlemaine XXXX Gold Lager,2017,2.15
222,Castlemaine XXXX Gold Lager,2018,1.625
223,Castlemaine XXXX Gold Lager,2019,2.98
224,Castlemaine XXXX Gold Lager,2020,2.3400000000000003
225,Desperados,2002,1.8277777777777784
226,Desperados,2003,1.5500000000000005
227,Desperados,2004,1.2526315789473683
228,Desperados,2005,1.356
229,Desperados,2006,1.4255813953488372
230,Desperados,2007,1.8105263157894742
231,Desperados,2008,1.8457142857142863
232,Desperados,2009,1.5628571428571432
233,Desperados,2010,1.9066666666666665
234,Desperados,2011,1.875
235,Desperados,2012,1.9482758620689653
236,Desperados,2013,1.7840579710144928
237,Desperados,2014,1.803061224489796
238,Desperados,2015,1.7494736842105256
239,Desperados,2016,1.7636363636363641
240,Desperados,2017,1.8703125
241,Desperados,2018,2.107894736842105
242,Desperados,2019,2.0900000000000003
243,Desperados,2020,1.8909090909090909
244,Desperados,2021,3.7
245,Edelweiss Weissbier Snowfresh,2007,3.4689655172413785
246,Edelweiss Weissbier Snowfresh,2008,3.332812500000001
247,Edelweiss Weissbier Snowfresh,2009,3.1290909090909107
248,Edelweiss Weissbier Snowfresh,2010,3.2633333333333336
249,Edelweiss Weissbier Snowfresh,2011,3.1826086956521737
250,Edelweiss Weissbier Snowfresh,2012,3.18235294117647
251,Edelweiss Weissbier Snowfresh,2013,3.3125
252,Edelweiss Weissbier Snowfresh,2014,3.345833333333333
253,Edelweiss Weissbier Snowfresh,2015,3.1291666666666664
254,Edelweiss Weissbier Snowfresh,2016,3.4166666666666674
255,Edelweiss Weissbier Snowfresh,2017,3.227272727272727
256,Edelweiss Weissbier Snowfresh,2018,3.3300000000000005
257,Edelweiss Weissbier Snowfresh,2019,3.2571428571428567
258,Edelweiss Weissbier Snowfresh,2020,2.6
259,Egger Grapefruit Radler,2013,2.2
260,Egger Grapefruit Radler,2014,2.2461538461538457
261,Egger Grapefruit Radler,2015,2.273333333333333
262,Egger Grapefruit Radler,2016,2.375
263,Egger Grapefruit Radler,2017,2.6333333333333333
264,Egger Grapefruit Radler,2018,2.55
265,Egger Grapefruit Radler,2019,2.7
266,Egger Grapefruit Radler,2020,2.3666666666666667
267,Egger Märzenbier,2006,2.775
268,Egger Märzenbier,2007,2.4285714285714284
269,Egger Märzenbier,2008,2.464285714285715
270,Egger Märzenbier,2009,2.18
271,Egger Märzenbier,2010,2.5357142857142856
272,Egger Märzenbier,2011,2.38
273,Egger Märzenbier,2012,2.591666666666667
274,Egger Märzenbier,2013,2.3375000000000004
275,Egger Märzenbier,2014,2.4058823529411764
276,Egger Märzenbier,2015,2.5944444444444437
277,Egger Märzenbier,2016,2.5888888888888895
278,Egger Märzenbier,2017,2.3999999999999995
279,Egger Märzenbier,2018,2.3545454545454545
280,Egger Märzenbier,2019,2.553333333333333
281,Egger Märzenbier,2020,2.73
282,Egger Zwickl,2014,2.9000000000000004
283,Egger Zwickl,2016,2.5
284,Egger Zwickl,2018,2.1
285,Egger Zwickl,2019,2.8
286,Egger Zwickl,2020,2.9
287,Eichbaum Apostel Bräu,2007,2.8
288,Eichbaum Apostel Bräu,2008,2.772727272727273
289,Eichbaum Apostel Bräu,2009,2.611111111111112
290,Eichbaum Apostel Bräu,2010,2.307692307692308
291,Eichbaum Apostel Bräu,2011,2.5500000000000003
292,Eichbaum Apostel Bräu,2012,2.33125
293,Eichbaum Apostel Bräu,2013,2.2461538461538457
294,Eichbaum Apostel Bräu,2014,2.327272727272727
295,Eichbaum Apostel Bräu,2015,2.3142857142857136
296,Eichbaum Apostel Bräu,2016,2.65
297,Eichbaum Apostel Bräu,2017,2.5444444444444447
298,Eichbaum Apostel Bräu,2018,2.3428571428571425
299,Eichbaum Apostel Bräu,2019,2.4285714285714284
300,Eichbaum Apostel Bräu,2021,2.7
301,Erdinger Weissbier,2000,3.175
302,Erdinger Weissbier,2001,3.4266666666666667
303,Erdinger Weissbier,2002,3.184057971014492
304,Erdinger Weissbier,2003,3.1493670886075957
305,Erdinger Weissbier,2004,3.1617647058823537
306,Erdinger Weissbier,2005,3.1891156462585037
307,Erdinger Weissbier,2006,3.0957055214723934
308,Erdinger Weissbier,2007,3.13131868131868
309,Erdinger Weissbier,2008,3.156097560975609
310,Erdinger Weissbier,2009,3.1287499999999997
311,Erdinger Weissbier,2010,3.0888888888888903
312,Erdinger Weissbier,2011,3.1601351351351346
313,Erdinger Weissbier,2012,3.1733333333333316
314,Erdinger Weissbier,2013,3.2590090090090102
315,Erdinger Weissbier,2014,3.1293388429752067
316,Erdinger Weissbier,2015,3.1317204301075283
317,Erdinger Weissbier,2016,3.1163793103448265
318,Erdinger Weissbier,2017,3.1856060606060588
319,Erdinger Weissbier,2018,3.1265822784810124
320,Erdinger Weissbier,2019,3.174603174603175
321,Erdinger Weissbier,2020,3.215909090909092
322,Erdinger Weissbier,2021,4.1
323,Erdinger Weissbier Dunkel,2000,4.3
324,Erdinger Weissbier Dunkel,2001,3.4600000000000004
325,Erdinger Weissbier Dunkel,2002,3.3808510638297866
326,Erdinger Weissbier Dunkel,2003,3.2414285714285715
327,Erdinger Weissbier Dunkel,2004,3.3160000000000003
328,Erdinger Weissbier Dunkel,2005,3.2549549549549552
329,Erdinger Weissbier Dunkel,2006,3.1803921568627445
330,Erdinger Weissbier Dunkel,2007,3.23170731707317
331,Erdinger Weissbier Dunkel,2008,3.1655172413793093
332,Erdinger Weissbier Dunkel,2009,3.190677966101694
333,Erdinger Weissbier Dunkel,2010,3.2093220338983066
334,Erdinger Weissbier Dunkel,2011,3.3409090909090926
335,Erdinger Weissbier Dunkel,2012,3.318120805369128
336,Erdinger Weissbier Dunkel,2013,3.2314102564102565
337,Erdinger Weissbier Dunkel,2014,3.1356725146198823
338,Erdinger Weissbier Dunkel,2015,3.2053846153846166
339,Erdinger Weissbier Dunkel,2016,3.1708333333333343
340,Erdinger Weissbier Dunkel,2017,3.184444444444445
341,Erdinger Weissbier Dunkel,2018,3.1378787878787877
342,Erdinger Weissbier Dunkel,2019,3.2321428571428577
343,Erdinger Weissbier Dunkel,2020,3.1437499999999994
344,Erdinger Weissbier Dunkel,2021,2.1
345,FiLite,2017,2.566666666666667
346,FiLite,2018,2.325
347,FiLite,2019,2.25
348,Franziskaner Hefe-Weissbier,2000,3.96
349,Franziskaner Hefe-Weissbier,2001,3.864285714285714
350,Franziskaner Hefe-Weissbier,2002,3.708849557522123
351,Franziskaner Hefe-Weissbier,2003,3.678985507246376
352,Franziskaner Hefe-Weissbier,2004,3.5698630136986287
353,Franziskaner Hefe-Weissbier,2005,3.5463687150837986
354,Franziskaner Hefe-Weissbier,2006,3.5657142857142885
355,Franziskaner Hefe-Weissbier,2007,3.634065934065934
356,Franziskaner Hefe-Weissbier,2008,3.6569579288025884
357,Franziskaner Hefe-Weissbier,2009,3.532275132275132
358,Franziskaner Hefe-Weissbier,2010,3.6466666666666665
359,Franziskaner Hefe-Weissbier,2011,3.576041666666668
360,Franziskaner Hefe-Weissbier,2012,3.6080645161290312
361,Franziskaner Hefe-Weissbier,2013,3.619130434782607
362,Franziskaner Hefe-Weissbier,2014,3.6308243727598577
363,Franziskaner Hefe-Weissbier,2015,3.566981132075473
364,Franziskaner Hefe-Weissbier,2016,3.6439306358381534
365,Franziskaner Hefe-Weissbier,2017,3.633566433566434
366,Franziskaner Hefe-Weissbier,2018,3.5975609756097584
367,Franziskaner Hefe-Weissbier,2019,3.6584905660377367
368,Franziskaner Hefe-Weissbier,2020,3.6069767441860456
369,Franziskaner Hefe-Weissbier,2021,3.5
370,Gambrinus Originál 10° (Desítka),2002,2.6500000000000004
371,Gambrinus Originál 10° (Desítka),2003,2.575
372,Gambrinus Originál 10° (Desítka),2004,2.7571428571428567
373,Gambrinus Originál 10° (Desítka),2005,2.669230769230769
374,Gambrinus Originál 10° (Desítka),2006,2.3916666666666666
375,Gambrinus Originál 10° (Desítka),2007,2.4250000000000003
376,Gambrinus Originál 10° (Desítka),2008,2.5914285714285707
377,Gambrinus Originál 10° (Desítka),2009,2.595652173913044
378,Gambrinus Originál 10° (Desítka),2010,2.54375
379,Gambrinus Originál 10° (Desítka),2011,2.2766666666666664
380,Gambrinus Originál 10° (Desítka),2012,2.4703703703703703
381,Gambrinus Originál 10° (Desítka),2013,2.475862068965517
382,Gambrinus Originál 10° (Desítka),2014,2.425641025641026
383,Gambrinus Originál 10° (Desítka),2015,2.4935483870967747
384,Gambrinus Originál 10° (Desítka),2016,2.59
385,Gambrinus Originál 10° (Desítka),2017,2.5391304347826087
386,Gambrinus Originál 10° (Desítka),2018,2.5121212121212118
387,Gambrinus Originál 10° (Desítka),2019,2.638709677419356
388,Gambrinus Originál 10° (Desítka),2020,2.96
389,Gambrinus Originál 10° (Desítka),2021,2.7
390,Grolsch Premium Lager,2000,2.9333333333333336
391,Grolsch Premium Lager,2001,2.85
392,Grolsch Premium Lager,2002,2.7075581395348842
393,Grolsch Premium Lager,2003,2.744374999999999
394,Grolsch Premium Lager,2004,2.5854838709677406
395,Grolsch Premium Lager,2005,2.4901515151515152
396,Grolsch Premium Lager,2006,2.46875
397,Grolsch Premium Lager,2007,2.4027027027027037
398,Grolsch Premium Lager,2008,2.401250000000001
399,Grolsch Premium Lager,2009,2.3336206896551728
400,Grolsch Premium Lager,2010,2.4762376237623767
401,Grolsch Premium Lager,2011,2.6469135802469137
402,Grolsch Premium Lager,2012,2.5727272727272728
403,Grolsch Premium Lager,2013,2.4977272727272744
404,Grolsch Premium Lager,2014,2.6294642857142865
405,Grolsch Premium Lager,2015,2.5442477876106184
406,Grolsch Premium Lager,2016,2.6371794871794867
407,Grolsch Premium Lager,2017,2.7292929292929298
408,Grolsch Premium Lager,2018,2.809375
409,Grolsch Premium Lager,2019,2.7527272727272725
410,Grolsch Premium Lager,2020,2.8000000000000003
411,Grolsch Premium Lager,2021,2.8
412,Guinness Draught,2000,4.148
413,Guinness Draught,2001,3.9646067415730335
414,Guinness Draught,2002,3.679586563307493
415,Guinness Draught,2003,3.542013888888889
416,Guinness Draught,2004,3.5430420711974104
417,Guinness Draught,2005,3.396694214876032
418,Guinness Draught,2006,3.5325714285714307
419,Guinness Draught,2007,3.39036402569593
420,Guinness Draught,2008,3.4332535885167474
421,Guinness Draught,2009,3.422327044025156
422,Guinness Draught,2010,3.362015503875968
423,Guinness Draught,2011,3.4153526970954338
424,Guinness Draught,2012,3.4565088757396456
425,Guinness Draught,2013,3.3835164835164857
426,Guinness Draught,2014,3.3651090342679137
427,Guinness Draught,2015,3.27622641509434
428,Guinness Draught,2016,3.3628272251308906
429,Guinness Draught,2017,3.3219730941704033
430,Guinness Draught,2018,3.4153333333333324
431,Guinness Draught,2019,3.549541284403672
432,Guinness Draught,2020,3.522033898305084
433,Guinness Draught,2021,3.5
434,Guinness Original 4.2%,2000,2.1
435,Guinness Original 4.2%,2001,2.225
436,Guinness Original 4.2%,2002,2.9000000000000004
437,Guinness Original 4.2%,2003,3.227272727272727
438,Guinness Original 4.2%,2004,3.4190476190476184
439,Guinness Original 4.2%,2005,3.1260869565217395
440,Guinness Original 4.2%,2006,3.4789473684210517
441,Guinness Original 4.2%,2007,3.176
442,Guinness Original 4.2%,2008,3.276
443,Guinness Original 4.2%,2009,3.305
444,Guinness Original 4.2%,2010,3.1096774193548398
445,Guinness Original 4.2%,2011,3.236666666666667
446,Guinness Original 4.2%,2012,3.3131578947368427
447,Guinness Original 4.2%,2013,3.298275862068966
448,Guinness Original 4.2%,2014,3.094871794871795
449,Guinness Original 4.2%,2015,3.1773584905660384
450,Guinness Original 4.2%,2016,3.170833333333334
451,Guinness Original 4.2%,2017,3.2411764705882344
452,Guinness Original 4.2%,2018,3.145454545454545
453,Guinness Original 4.2%,2019,3.3269230769230766
454,Guinness Original 4.2%,2020,3.41
455,Harbin Beer,2002,2.3
456,Harbin Beer,2003,2.25
457,Harbin Beer,2004,1.7
458,Harbin Beer,2005,2.8
459,Harbin Beer,2006,2.019642857142857
460,Harbin Beer,2007,2.122988505747126
461,Harbin Beer,2008,2.002857142857144
462,Harbin Beer,2009,2.026315789473684
463,Harbin Beer,2010,1.9866666666666668
464,Harbin Beer,2011,1.55
465,Harbin Beer,2012,1.6583333333333334
466,Harbin Beer,2013,1.5333333333333332
467,Harbin Beer,2014,1.5166666666666666
468,Harbin Beer,2015,2.3714285714285714
469,Harbin Beer,2016,1.8142857142857145
470,Harbin Beer,2017,2.1333333333333333
471,Harbin Beer,2018,1.7399999999999998
472,Harbin Beer,2019,1.675
473,Harbin Beer,2020,2.15
474,Heineken,2000,1.8705882352941177
475,Heineken,2001,2.3993421052631576
476,Heineken,2002,2.312944983818771
477,Heineken,2003,2.2199999999999998
478,Heineken,2004,2.1128865979381453
479,Heineken,2005,2.0372881355932195
480,Heineken,2006,2.0947955390334565
481,Heineken,2007,2.123492063492064
482,Heineken,2008,2.068867924528301
483,Heineken,2009,2.02211055276382
484,Heineken,2010,1.9820987654320985
485,Heineken,2011,1.9948863636363636
486,Heineken,2012,2.2003773584905657
487,Heineken,2013,2.1919413919413917
488,Heineken,2014,2.0992156862745093
489,Heineken,2015,2.1745370370370374
490,Heineken,2016,2.240789473684211
491,Heineken,2017,2.146308724832215
492,Heineken,2018,2.4401785714285724
493,Heineken,2019,2.3432692307692307
494,Heineken,2020,2.564444444444444
495,Heineken Dark Lager,2000,1.6
496,Heineken Dark Lager,2001,2.914285714285714
497,Heineken Dark Lager,2002,2.709302325581396
498,Heineken Dark Lager,2003,2.5980392156862746
499,Heineken Dark Lager,2004,2.471186440677965
500,Heineken Dark Lager,2005,2.6234375
501,Heineken Dark Lager,2006,2.6673913043478263
502,Heineken Dark Lager,2007,2.805172413793104
503,Heineken Dark Lager,2008,2.573611111111112
504,Heineken Dark Lager,2009,2.5972972972972976
505,Heineken Dark Lager,2010,2.685714285714286
506,Heineken Dark Lager,2011,2.770833333333333
507,Heineken Dark Lager,2012,2.734615384615384
508,Heineken Dark Lager,2013,3.0052631578947366
509,Heineken Dark Lager,2014,2.988888888888889
510,Heineken Dark Lager,2015,2.9333333333333336
511,Heineken Dark Lager,2016,2.68
512,Heineken Dark Lager,2017,2.65
513,Heineken Dark Lager,2018,2.7
514,Heineken Dark Lager,2019,2.6
515,Hite D (Dry Finish),2010,1.1
516,Hite D (Dry Finish),2011,1.9090909090909087
517,Hite D (Dry Finish),2012,2.653846153846154
518,Hite D (Dry Finish),2013,1.985714285714286
519,Hite D (Dry Finish),2014,2.0111111111111106
520,Hite D (Dry Finish),2015,2.14
521,Hite D (Dry Finish),2016,1.3
522,Hite D (Dry Finish),2017,1.8666666666666665
523,Hite D (Dry Finish),2018,1.4
524,Hite Extra Cold,2017,2.1461538461538465
525,Hite Extra Cold,2018,1.8
526,Hite Extra Cold,2019,2.527272727272728
527,Hite Extra Cold,2020,2.0500000000000003
528,Hite Prime Max,2002,1.2
529,Hite Prime Max,2003,1.55
530,Hite Prime Max,2004,1.95
531,Hite Prime Max,2005,2.25
532,Hite Prime Max,2006,1.7625
533,Hite Prime Max,2007,1.9
534,Hite Prime Max,2008,2.0111111111111106
535,Hite Prime Max,2009,1.5125
536,Hite Prime Max,2010,1.7333333333333334
537,Hite Prime Max,2011,1.5285714285714285
538,Hite Prime Max,2012,2.0
539,Hite Prime Max,2013,1.7399999999999998
540,Hite Prime Max,2014,1.8000000000000005
541,Hite Prime Max,2015,2.1615384615384614
542,Hite Prime Max,2016,1.9
543,Hite Prime Max,2017,2.5
544,Hite Prime Max,2018,1.9833333333333332
545,Hite Prime Max,2019,2.44
546,Hoegaarden,2000,4.090909090909091
547,Hoegaarden,2001,4.08235294117647
548,Hoegaarden,2002,3.6566037735849055
549,Hoegaarden,2003,3.636097560975611
550,Hoegaarden,2004,3.5849056603773586
551,Hoegaarden,2005,3.5781132075471715
552,Hoegaarden,2006,3.5562724014336915
553,Hoegaarden,2007,3.492391304347826
554,Hoegaarden,2008,3.545647058823533
555,Hoegaarden,2009,3.4365019011406845
556,Hoegaarden,2010,3.4284444444444437
557,Hoegaarden,2011,3.4799999999999995
558,Hoegaarden,2012,3.5114754098360628
559,Hoegaarden,2013,3.4800623052959483
560,Hoegaarden,2014,3.4567114093959748
561,Hoegaarden,2015,3.5137037037037033
562,Hoegaarden,2016,3.5068292682926816
563,Hoegaarden,2017,3.4148571428571435
564,Hoegaarden,2018,3.4262135922330086
565,Hoegaarden,2019,3.525
566,Hoegaarden,2020,3.5142857142857142
567,Hoegaarden,2021,3.6666666666666665
568,Hoegaarden Cherry,2017,2.05
569,Hoegaarden Cherry,2018,3.6
570,Hoegaarden Rosée,2007,2.3205128205128207
571,Hoegaarden Rosée,2008,2.6053571428571423
572,Hoegaarden Rosée,2009,2.188
573,Hoegaarden Rosée,2010,2.625
574,Hoegaarden Rosée,2011,2.4288888888888893
575,Hoegaarden Rosée,2012,2.5266666666666664
576,Hoegaarden Rosée,2013,2.3925925925925924
577,Hoegaarden Rosée,2014,2.498076923076922
578,Hoegaarden Rosée,2015,2.484
579,Hoegaarden Rosée,2016,2.592857142857143
580,Hoegaarden Rosée,2017,2.734883720930233
581,Hoegaarden Rosée,2018,2.4799999999999995
582,Hoegaarden Rosée,2019,2.834782608695652
583,Hoegaarden Rosée,2020,2.8538461538461535
584,Holsten Premium Bier,2001,2.8363636363636364
585,Holsten Premium Bier,2002,2.476
586,Holsten Premium Bier,2003,2.4466666666666668
587,Holsten Premium Bier,2004,2.466666666666667
588,Holsten Premium Bier,2005,2.286956521739131
589,Holsten Premium Bier,2006,2.341379310344828
590,Holsten Premium Bier,2007,2.3205128205128207
591,Holsten Premium Bier,2008,2.470967741935484
592,Holsten Premium Bier,2009,2.26
593,Holsten Premium Bier,2010,2.4318181818181817
594,Holsten Premium Bier,2011,2.283333333333333
595,Holsten Premium Bier,2012,2.327586206896552
596,Holsten Premium Bier,2013,2.2666666666666666
597,Holsten Premium Bier,2014,2.231034482758621
598,Holsten Premium Bier,2015,2.3684210526315788
599,Holsten Premium Bier,2016,2.3583333333333334
600,Holsten Premium Bier,2017,2.5933333333333333
601,Holsten Premium Bier,2018,2.2916666666666665
602,Holsten Premium Bier,2019,2.4222222222222216
603,Holsten Premium Bier,2020,2.333333333333333
604,Jeju Wit Ale,2017,3.55
605,Jeju Wit Ale,2018,3.2
606,Jeju Wit Ale,2019,2.4
607,Jeju Wit Ale,2020,3.2
608,Kirin Ichiban,2000,2.1333333333333333
609,Kirin Ichiban,2001,2.5285714285714285
610,Kirin Ichiban,2002,2.282608695652174
611,Kirin Ichiban,2003,2.216666666666666
612,Kirin Ichiban,2004,2.1037974683544305
613,Kirin Ichiban,2005,2.056164383561644
614,Kirin Ichiban,2006,2.15813953488372
615,Kirin Ichiban,2007,2.130188679245283
616,Kirin Ichiban,2008,2.1500000000000004
617,Kirin Ichiban,2009,2.037383177570093
618,Kirin Ichiban,2010,2.081632653061224
619,Kirin Ichiban,2011,2.2550458715596324
620,Kirin Ichiban,2012,2.261585365853659
621,Kirin Ichiban,2013,2.134161490683229
622,Kirin Ichiban,2014,2.2624999999999993
623,Kirin Ichiban,2015,2.301941747572816
624,Kirin Ichiban,2016,2.3666666666666667
625,Kirin Ichiban,2017,2.623684210526315
626,Kirin Ichiban,2018,2.453623188405797
627,Kirin Ichiban,2019,2.406521739130435
628,Kirin Ichiban,2020,2.396
629,Kirin Ichiban,2021,2.8
630,Kloud Fitz Super Clear,2017,2.566666666666667
631,Kloud Fitz Super Clear,2018,1.9214285714285717
632,Kloud Fitz Super Clear,2019,1.88
633,Kloud Fitz Super Clear,2020,1.7000000000000002
634,Kloud Original Gravity,2014,2.2857142857142856
635,Kloud Original Gravity,2015,2.384615384615384
636,Kloud Original Gravity,2016,2.3235294117647056
637,Kloud Original Gravity,2017,2.268421052631579
638,Kloud Original Gravity,2018,2.02
639,Kloud Original Gravity,2019,2.50625
640,Kloud Original Gravity,2020,2.5285714285714294
641,Kozel Černý (Dark) 10°,2000,2.0
642,Kozel Černý (Dark) 10°,2001,3.4428571428571426
643,Kozel Černý (Dark) 10°,2002,3.5538461538461537
644,Kozel Černý (Dark) 10°,2003,3.308333333333335
645,Kozel Černý (Dark) 10°,2004,3.2636363636363637
646,Kozel Černý (Dark) 10°,2005,3.217948717948718
647,Kozel Černý (Dark) 10°,2006,3.1666666666666683
648,Kozel Černý (Dark) 10°,2007,3.0568627450980395
649,Kozel Černý (Dark) 10°,2008,3.0145454545454538
650,Kozel Černý (Dark) 10°,2009,3.0282051282051285
651,Kozel Černý (Dark) 10°,2010,3.1812500000000004
652,Kozel Černý (Dark) 10°,2011,2.8833333333333337
653,Kozel Černý (Dark) 10°,2012,3.0359375
654,Kozel Černý (Dark) 10°,2013,3.0183098591549293
655,Kozel Černý (Dark) 10°,2014,3.0089887640449438
656,Kozel Černý (Dark) 10°,2015,2.8467889908256883
657,Kozel Černý (Dark) 10°,2016,2.9367816091954015
658,Kozel Černý (Dark) 10°,2017,2.7780487804878042
659,Kozel Černý (Dark) 10°,2018,3.0171875
660,Kozel Černý (Dark) 10°,2019,2.9539682539682546
661,Kozel Černý (Dark) 10°,2020,2.9433333333333334
662,Kozel Černý (Dark) 10°,2021,3.8
663,Krombacher Weizen,2007,3.055555555555556
664,Krombacher Weizen,2008,2.970588235294118
665,Krombacher Weizen,2009,3.1954545454545453
666,Krombacher Weizen,2010,3.0823529411764703
667,Krombacher Weizen,2011,3.01
668,Krombacher Weizen,2012,3.134615384615384
669,Krombacher Weizen,2013,3.2063829787234037
670,Krombacher Weizen,2014,3.200000000000001
671,Krombacher Weizen,2015,3.1208333333333336
672,Krombacher Weizen,2016,3.1303571428571426
673,Krombacher Weizen,2017,3.2157894736842114
674,Krombacher Weizen,2018,3.070967741935484
675,Krombacher Weizen,2019,3.046153846153845
676,Krombacher Weizen,2020,3.27
677,Kronenbourg 1664 Blanc,2004,3.2222222222222228
678,Kronenbourg 1664 Blanc,2005,2.6645161290322585
679,Kronenbourg 1664 Blanc,2006,2.7025
680,Kronenbourg 1664 Blanc,2007,2.3913793103448278
681,Kronenbourg 1664 Blanc,2008,2.728205128205128
682,Kronenbourg 1664 Blanc,2009,2.4272727272727272
683,Kronenbourg 1664 Blanc,2010,2.835
684,Kronenbourg 1664 Blanc,2011,2.8046511627906985
685,Kronenbourg 1664 Blanc,2012,2.825
686,Kronenbourg 1664 Blanc,2013,2.8262626262626256
687,Kronenbourg 1664 Blanc,2014,2.7731707317073164
688,Kronenbourg 1664 Blanc,2015,2.8113636363636365
689,Kronenbourg 1664 Blanc,2016,2.8208955223880605
690,Kronenbourg 1664 Blanc,2017,2.8615384615384603
691,Kronenbourg 1664 Blanc,2018,2.8559322033898304
692,Kronenbourg 1664 Blanc,2019,2.907865168539326
693,Kronenbourg 1664 Blanc,2020,3.044117647058824
694,Kronenbourg 1664 Blanc,2021,2.05
695,Lapin Kulta IV A,2001,1.6333333333333335
696,Lapin Kulta IV A,2002,2.5357142857142856
697,Lapin Kulta IV A,2003,1.7400000000000002
698,Lapin Kulta IV A,2004,2.163636363636364
699,Lapin Kulta IV A,2005,2.1928571428571426
700,Lapin Kulta IV A,2006,1.935
701,Lapin Kulta IV A,2007,2.285
702,Lapin Kulta IV A,2008,2.1944444444444446
703,Lapin Kulta IV A,2009,2.2
704,Lapin Kulta IV A,2010,2.216666666666667
705,Lapin Kulta IV A,2011,2.325
706,Lapin Kulta IV A,2012,2.161764705882353
707,Lapin Kulta IV A,2013,2.209090909090909
708,Lapin Kulta IV A,2014,2.1125000000000003
709,Lapin Kulta IV A,2015,2.3227272727272728
710,Lapin Kulta IV A,2016,1.9642857142857144
711,Lapin Kulta IV A,2017,2.4133333333333336
712,Lapin Kulta IV A,2018,2.3884615384615393
713,Lapin Kulta IV A,2019,2.3799999999999994
714,Lapin Kulta IV A,2020,2.333333333333333
715,Leffe Brune,2000,3.05
716,Leffe Brune,2001,3.84
717,Leffe Brune,2002,3.5357142857142856
718,Leffe Brune,2003,3.3365384615384612
719,Leffe Brune,2004,3.483695652173913
720,Leffe Brune,2005,3.4408602150537635
721,Leffe Brune,2006,3.4284210526315797
722,Leffe Brune,2007,3.5239436619718307
723,Leffe Brune,2008,3.4595419847328235
724,Leffe Brune,2009,3.4285714285714297
725,Leffe Brune,2010,3.4518518518518517
726,Leffe Brune,2011,3.509489051094892
727,Leffe Brune,2012,3.5781659388646263
728,Leffe Brune,2013,3.4874476987447696
729,Leffe Brune,2014,3.4735682819383267
730,Leffe Brune,2015,3.4854166666666657
731,Leffe Brune,2016,3.4690322580645163
732,Leffe Brune,2017,3.4576923076923083
733,Leffe Brune,2018,3.5048543689320386
734,Leffe Brune,2019,3.3689655172413815
735,Leffe Brune,2020,3.575
736,Leffe Brune,2021,3.733333333333333
737,Löwenbräu Original (4.2%),2014,1.8909090909090909
738,Löwenbräu Original (4.2%),2015,1.625
739,Löwenbräu Original (4.2%),2016,2.275
740,Löwenbräu Original (4.2%),2017,1.9333333333333331
741,Löwenbräu Original (4.2%),2019,1.7
742,Mallaskosken Kuohu Amber Lager Special Edition,2014,3.1333333333333333
743,Miller Genuine Draft (MGD),2000,1.6437500000000005
744,Miller Genuine Draft (MGD),2001,1.7613207547169811
745,Miller Genuine Draft (MGD),2002,1.78984375
746,Miller Genuine Draft (MGD),2003,1.6918238993710697
747,Miller Genuine Draft (MGD),2004,1.5678571428571417
748,Miller Genuine Draft (MGD),2005,1.4631578947368418
749,Miller Genuine Draft (MGD),2006,1.5449999999999986
750,Miller Genuine Draft (MGD),2007,1.5848039215686276
751,Miller Genuine Draft (MGD),2008,1.5746192893401023
752,Miller Genuine Draft (MGD),2009,1.640540540540541
753,Miller Genuine Draft (MGD),2010,1.6698795180722894
754,Miller Genuine Draft (MGD),2011,1.5483146067415732
755,Miller Genuine Draft (MGD),2012,1.6008064516129037
756,Miller Genuine Draft (MGD),2013,1.7104761904761896
757,Miller Genuine Draft (MGD),2014,1.6876106194690264
758,Miller Genuine Draft (MGD),2015,1.832467532467532
759,Miller Genuine Draft (MGD),2016,1.865573770491804
760,Miller Genuine Draft (MGD),2017,1.954098360655738
761,Miller Genuine Draft (MGD),2018,2.1
762,Miller Genuine Draft (MGD),2019,2.1212121212121207
763,Miller Genuine Draft (MGD),2020,1.927586206896552
764,Miller Genuine Draft (MGD),2021,2.4
765,OB Premier Pilsner,2014,1.8
766,OB Premier Pilsner,2015,2.4000000000000004
767,OB Premier Pilsner,2016,2.13
768,OB Premier Pilsner,2017,2.19375
769,OB Premier Pilsner,2018,2.16
770,OB Premier Pilsner,2019,3.0
771,Paulaner Hefe-Weissbier,2000,3.92
772,Paulaner Hefe-Weissbier,2001,3.756363636363637
773,Paulaner Hefe-Weissbier,2002,3.585714285714287
774,Paulaner Hefe-Weissbier,2003,3.585714285714286
775,Paulaner Hefe-Weissbier,2004,3.529370629370629
776,Paulaner Hefe-Weissbier,2005,3.6632653061224505
777,Paulaner Hefe-Weissbier,2006,3.7047872340425534
778,Paulaner Hefe-Weissbier,2007,3.6149305555555578
779,Paulaner Hefe-Weissbier,2008,3.632083333333335
780,Paulaner Hefe-Weissbier,2009,3.4701149425287365
781,Paulaner Hefe-Weissbier,2010,3.62125
782,Paulaner Hefe-Weissbier,2011,3.547096774193549
783,Paulaner Hefe-Weissbier,2012,3.61079812206573
784,Paulaner Hefe-Weissbier,2013,3.6423076923076954
785,Paulaner Hefe-Weissbier,2014,3.5492700729927003
786,Paulaner Hefe-Weissbier,2015,3.5719298245614044
787,Paulaner Hefe-Weissbier,2016,3.5710691823899356
788,Paulaner Hefe-Weissbier,2017,3.5954081632653065
789,Paulaner Hefe-Weissbier,2018,3.637692307692308
790,Paulaner Hefe-Weissbier,2019,3.654117647058824
791,Paulaner Hefe-Weissbier,2020,3.551724137931036
792,Paulaner Hefe-Weissbier,2021,3.85
793,Peroni Nastro Azzurro,2001,2.5444444444444443
794,Peroni Nastro Azzurro,2002,2.2592592592592595
795,Peroni Nastro Azzurro,2003,2.2820512820512806
796,Peroni Nastro Azzurro,2004,2.03125
797,Peroni Nastro Azzurro,2005,2.0452631578947367
798,Peroni Nastro Azzurro,2006,2.1666666666666665
799,Peroni Nastro Azzurro,2007,2.0723809523809518
800,Peroni Nastro Azzurro,2008,2.0628099173553727
801,Peroni Nastro Azzurro,2009,2.061538461538461
802,Peroni Nastro Azzurro,2010,2.083720930232557
803,Peroni Nastro Azzurro,2011,2.1180722891566264
804,Peroni Nastro Azzurro,2012,2.241984732824427
805,Peroni Nastro Azzurro,2013,2.1075342465753426
806,Peroni Nastro Azzurro,2014,2.1104000000000003
807,Peroni Nastro Azzurro,2015,2.2090909090909085
808,Peroni Nastro Azzurro,2016,2.365909090909092
809,Peroni Nastro Azzurro,2017,2.4931818181818177
810,Peroni Nastro Azzurro,2018,2.3531250000000004
811,Peroni Nastro Azzurro,2019,2.357894736842105
812,Peroni Nastro Azzurro,2020,2.6027777777777787
813,Peroni Nastro Azzurro,2021,2.8
814,Pilsner Urquell,2000,3.408333333333333
815,Pilsner Urquell,2001,3.451249999999998
816,Pilsner Urquell,2002,3.4804347826086968
817,Pilsner Urquell,2003,3.3053140096618345
818,Pilsner Urquell,2004,3.3731481481481467
819,Pilsner Urquell,2005,3.3316872427983553
820,Pilsner Urquell,2006,3.1991769547325086
821,Pilsner Urquell,2007,3.2513071895424837
822,Pilsner Urquell,2008,3.2849840255591047
823,Pilsner Urquell,2009,3.203755868544599
824,Pilsner Urquell,2010,3.204666666666669
825,Pilsner Urquell,2011,3.2502732240437164
826,Pilsner Urquell,2012,3.2468253968253986
827,Pilsner Urquell,2013,3.3241877256317665
828,Pilsner Urquell,2014,3.2726235741444887
829,Pilsner Urquell,2015,3.2840000000000007
830,Pilsner Urquell,2016,3.2451612903225797
831,Pilsner Urquell,2017,3.2339207048458167
832,Pilsner Urquell,2018,3.347619047619049
833,Pilsner Urquell,2019,3.4010101010100997
834,Pilsner Urquell,2020,3.3707692307692296
835,Pilsner Urquell,2021,3.1
836,Platinum Pale Ale,2016,3.3
837,Platinum Pale Ale,2017,3.0
838,Platinum Pale Ale,2018,2.1
839,Platinum Pale Ale,2019,3.0
840,Platinum White Ale,2017,4.1
841,Queen's Ale Blonde Type,2014,3.0
842,Queen's Ale Blonde Type,2015,3.266666666666666
843,Queen's Ale Blonde Type,2016,2.7
844,Queen's Ale Blonde Type,2018,2.8
845,Red Rock,2003,1.2
846,Red Rock,2004,1.2
847,Red Rock,2005,1.1
848,Red Rock,2006,2.066666666666667
849,Red Rock,2007,2.8
850,Red Rock,2008,1.9
851,Red Rock,2011,2.1
852,Red Rock,2012,2.2
853,Red Rock,2013,2.0
854,Red Rock,2018,1.45
855,Reeper B. Blondes Weissbier,2018,2.5
856,Reeper B. Blondes Weissbier,2019,2.733333333333333
857,Reeper B. Blondes Weissbier,2020,3.1
858,Reeper B. Exotisches IPA,2018,2.575
859,Reeper B. Exotisches IPA,2019,2.6
860,Reeper B. Exotisches IPA,2020,2.4
861,Reeper B. Exotisches IPA,2021,2.6
862,San Miguel,2002,2.475
863,San Miguel,2003,2.271428571428572
864,San Miguel,2004,1.9666666666666668
865,San Miguel,2005,1.8909090909090909
866,San Miguel,2006,1.666666666666667
867,San Miguel,2007,1.7777777777777777
868,San Miguel,2008,1.8611111111111112
869,San Miguel,2009,1.99
870,San Miguel,2010,2.2444444444444445
871,San Miguel,2011,2.092857142857143
872,San Miguel,2012,1.955
873,San Miguel,2013,1.8076923076923082
874,San Miguel,2014,1.9833333333333332
875,San Miguel,2015,1.945454545454546
876,San Miguel,2016,2.21
877,San Miguel,2017,1.9421052631578943
878,San Miguel,2018,2.0
879,San Miguel,2019,1.875
880,San Miguel,2020,2.5
881,San Miguel,2021,2.5
882,Sapporo Premium Beer,2000,2.35
883,Sapporo Premium Beer,2001,2.4063829787234043
884,Sapporo Premium Beer,2002,2.3648854961832053
885,Sapporo Premium Beer,2003,2.173394495412844
886,Sapporo Premium Beer,2004,2.158181818181818
887,Sapporo Premium Beer,2005,2.037373737373738
888,Sapporo Premium Beer,2006,2.255072463768116
889,Sapporo Premium Beer,2007,2.1991869918699183
890,Sapporo Premium Beer,2008,2.2238993710691823
891,Sapporo Premium Beer,2009,2.1736842105263157
892,Sapporo Premium Beer,2010,2.0931506849315067
893,Sapporo Premium Beer,2011,2.301333333333333
894,Sapporo Premium Beer,2012,2.2684684684684693
895,Sapporo Premium Beer,2013,2.241999999999999
896,Sapporo Premium Beer,2014,2.3115646258503406
897,Sapporo Premium Beer,2015,2.4680851063829787
898,Sapporo Premium Beer,2016,2.4014705882352945
899,Sapporo Premium Beer,2017,2.5142857142857133
900,Sapporo Premium Beer,2018,2.4979591836734696
901,Sapporo Premium Beer,2019,2.6466666666666665
902,Sapporo Premium Beer,2020,2.5741935483870964
903,Sapporo Premium Beer,2021,3.2
904,Sapporo Yebisu,2000,2.9333333333333336
905,Sapporo Yebisu,2001,2.9000000000000004
906,Sapporo Yebisu,2002,2.594871794871795
907,Sapporo Yebisu,2003,2.248
908,Sapporo Yebisu,2004,2.5933333333333333
909,Sapporo Yebisu,2005,2.3400000000000003
910,Sapporo Yebisu,2006,2.3312499999999994
911,Sapporo Yebisu,2007,2.25
912,Sapporo Yebisu,2008,2.435714285714285
913,Sapporo Yebisu,2009,2.541379310344828
914,Sapporo Yebisu,2010,2.29
915,Sapporo Yebisu,2011,2.555
916,Sapporo Yebisu,2012,2.5333333333333337
917,Sapporo Yebisu,2013,2.341666666666667
918,Sapporo Yebisu,2014,2.641176470588236
919,Sapporo Yebisu,2015,2.494117647058823
920,Sapporo Yebisu,2016,2.38
921,Sapporo Yebisu,2017,2.81875
922,Sapporo Yebisu,2018,2.625
923,Sapporo Yebisu,2019,3.1142857142857148
924,Sapporo Yebisu,2020,2.425
925,Schöfferhofer Grapefruit,2007,2.4294117647058817
926,Schöfferhofer Grapefruit,2008,2.835087719298245
927,Schöfferhofer Grapefruit,2009,2.404
928,Schöfferhofer Grapefruit,2010,2.707692307692308
929,Schöfferhofer Grapefruit,2011,2.5782608695652174
930,Schöfferhofer Grapefruit,2012,2.536
931,Schöfferhofer Grapefruit,2013,2.8759259259259258
932,Schöfferhofer Grapefruit,2014,2.8666666666666663
933,Schöfferhofer Grapefruit,2015,3.0000000000000004
934,Schöfferhofer Grapefruit,2016,2.9370370370370376
935,Schöfferhofer Grapefruit,2017,2.987878787878788
936,Schöfferhofer Grapefruit,2018,2.927272727272728
937,Schöfferhofer Grapefruit,2019,3.0352941176470587
938,Schöfferhofer Grapefruit,2020,2.9588235294117635
939,Schöfferhofer Grapefruit,2021,2.5
940,Stella Artois,2000,2.125
941,Stella Artois,2001,3.0674418604651166
942,Stella Artois,2002,2.8319148936170206
943,Stella Artois,2003,2.6305732484076434
944,Stella Artois,2004,2.6475000000000013
945,Stella Artois,2005,2.4806167400881067
946,Stella Artois,2006,2.4687500000000004
947,Stella Artois,2007,2.4927536231884053
948,Stella Artois,2008,2.520807453416148
949,Stella Artois,2009,2.545023696682464
950,Stella Artois,2010,2.4356725146198825
951,Stella Artois,2011,2.401587301587301
952,Stella Artois,2012,2.4879518072289164
953,Stella Artois,2013,2.4644897959183667
954,Stella Artois,2014,2.459734513274337
955,Stella Artois,2015,2.526900584795321
956,Stella Artois,2016,2.5318181818181804
957,Stella Artois,2017,2.71858407079646
958,Stella Artois,2018,2.691578947368421
959,Stella Artois,2019,2.94561403508772
960,Stella Artois,2020,2.571428571428572
961,Stella Artois,2021,3.2
962,Stephans Bräu Hefe-Weizen Naturtrüb,2011,1.9250000000000005
963,Stephans Bräu Hefe-Weizen Naturtrüb,2012,2.575
964,Stephans Bräu Hefe-Weizen Naturtrüb,2013,2.4636363636363634
965,Stephans Bräu Hefe-Weizen Naturtrüb,2014,2.8666666666666667
966,Stephans Bräu Hefe-Weizen Naturtrüb,2015,2.712499999999999
967,Stephans Bräu Hefe-Weizen Naturtrüb,2016,2.733333333333333
968,Stephans Bräu Hefe-Weizen Naturtrüb,2017,2.33
969,Stephans Bräu Hefe-Weizen Naturtrüb,2018,2.76875
970,Stephans Bräu Hefe-Weizen Naturtrüb,2019,2.685714285714286
971,Stephans Bräu Hefe-Weizen Naturtrüb,2020,2.972727272727273
972,Stephans Bräu Premium Lager,2016,2.05
973,Stephans Bräu Premium Lager,2017,1.775
974,Stephans Bräu Premium Lager,2018,2.1555555555555554
975,Stephans Bräu Premium Lager,2019,1.8142857142857145
976,Stephans Bräu Premium Lager,2020,2.3875
977,Stephans Bräu Premium Pilsener,2011,2.3166666666666664
978,Stephans Bräu Premium Pilsener,2012,1.85
979,Stephans Bräu Premium Pilsener,2013,2.075
980,Stephans Bräu Premium Pilsener,2014,1.5714285714285714
981,Stephans Bräu Premium Pilsener,2015,2.1166666666666667
982,Stephans Bräu Premium Pilsener,2016,2.35
983,Stephans Bräu Premium Pilsener,2017,2.2
984,Stephans Bräu Premium Pilsener,2018,2.0000000000000004
985,Stephans Bräu Premium Pilsener,2019,2.0125
986,Stephans Bräu Premium Pilsener,2020,2.333333333333333
987,Stout,2020,3.5
988,Suntory The Premium Malt's,2002,2.7
989,Suntory The Premium Malt's,2003,2.95
990,Suntory The Premium Malt's,2004,2.6
991,Suntory The Premium Malt's,2005,3.5
992,Suntory The Premium Malt's,2006,2.7222222222222223
993,Suntory The Premium Malt's,2007,2.8
994,Suntory The Premium Malt's,2008,2.966666666666667
995,Suntory The Premium Malt's,2009,2.914285714285714
996,Suntory The Premium Malt's,2010,2.4375
997,Suntory The Premium Malt's,2011,2.516666666666667
998,Suntory The Premium Malt's,2012,2.589473684210527
999,Suntory The Premium Malt's,2013,2.668181818181817
1000,Suntory The Premium Malt's,2014,2.58125
1001,Suntory The Premium Malt's,2015,2.726315789473684
1002,Suntory The Premium Malt's,2016,2.66875
1003,Suntory The Premium Malt's,2017,2.645454545454545
1004,Suntory The Premium Malt's,2018,2.6
1005,Suntory The Premium Malt's,2019,2.3142857142857136
1006,Suntory The Premium Malt's,2020,3.75
1007,Tiger Beer,2000,3.0
1008,Tiger Beer,2001,3.5200000000000005
1009,Tiger Beer,2002,2.609302325581395
1010,Tiger Beer,2003,2.2701754385964907
1011,Tiger Beer,2004,2.1348484848484843
1012,Tiger Beer,2005,2.0192307692307696
1013,Tiger Beer,2006,2.1577981651376152
1014,Tiger Beer,2007,2.1056
1015,Tiger Beer,2008,2.055769230769231
1016,Tiger Beer,2009,1.9817307692307693
1017,Tiger Beer,2010,2.1064102564102556
1018,Tiger Beer,2011,2.2404761904761905
1019,Tiger Beer,2012,2.147101449275362
1020,Tiger Beer,2013,2.111111111111112
1021,Tiger Beer,2014,2.1251497005988034
1022,Tiger Beer,2015,2.121951219512196
1023,Tiger Beer,2016,2.1402439024390243
1024,Tiger Beer,2017,2.1439999999999992
1025,Tiger Beer,2018,2.2461538461538457
1026,Tiger Beer,2019,2.285106382978724
1027,Tiger Beer,2020,2.288888888888889
1028,Tiger Beer,2021,4.0
1029,Tiger Radler Lemon,2014,2.3666666666666667
1030,Tiger Radler Lemon,2015,1.7666666666666666
1031,Tiger Radler Lemon,2016,2.1
1032,Tiger Radler Lemon,2017,2.48
1033,Tiger Radler Lemon,2018,1.6
1034,Tiger Radler Lemon,2019,1.5
1035,Tsingtao,2000,2.075
1036,Tsingtao,2001,2.2170731707317075
1037,Tsingtao,2002,2.201639344262296
1038,Tsingtao,2003,2.120879120879122
1039,Tsingtao,2004,2.173394495412844
1040,Tsingtao,2005,2.0174311926605504
1041,Tsingtao,2006,2.2806896551724134
1042,Tsingtao,2007,2.143356643356643
1043,Tsingtao,2008,1.9931506849315064
1044,Tsingtao,2009,1.9267241379310345
1045,Tsingtao,2010,1.867073170731708
1046,Tsingtao,2011,2.011016949152544
1047,Tsingtao,2012,1.9635838150289024
1048,Tsingtao,2013,1.8697297297297288
1049,Tsingtao,2014,2.000574712643678
1050,Tsingtao,2015,1.9992753623188408
1051,Tsingtao,2016,1.9813186813186812
1052,Tsingtao,2017,2.406976744186046
1053,Tsingtao,2018,2.1676923076923083
1054,Tsingtao,2019,2.2119047619047607
1055,Tsingtao,2020,1.8461538461538465
1056,Tsingtao,2021,2.9000000000000004
1057,Tsingtao Wheat Beer,2018,2.9461538461538463
1058,Tsingtao Wheat Beer,2019,2.7500000000000004
1059,Tsingtao Wheat Beer,2020,2.6428571428571432
1060,Victoria Bitter,2001,2.26
1061,Victoria Bitter,2002,2.409302325581395
1062,Victoria Bitter,2003,1.8574074074074076
1063,Victoria Bitter,2004,1.7125
1064,Victoria Bitter,2005,1.7352941176470589
1065,Victoria Bitter,2006,2.0241379310344825
1066,Victoria Bitter,2007,2.0028571428571427
1067,Victoria Bitter,2008,1.826
1068,Victoria Bitter,2009,1.6604651162790705
1069,Victoria Bitter,2010,1.9534482758620693
1070,Victoria Bitter,2011,1.9546875
1071,Victoria Bitter,2012,1.936842105263158
1072,Victoria Bitter,2013,1.956521739130435
1073,Victoria Bitter,2014,2.047058823529412
1074,Victoria Bitter,2015,2.052941176470588
1075,Victoria Bitter,2016,2.5
1076,Victoria Bitter,2017,2.496
1077,Victoria Bitter,2018,2.4684210526315797
1078,Victoria Bitter,2019,2.642307692307692
1079,Victoria Bitter,2020,1.77
1080,Volfas Engelman Grünberger Hefeweizen,2018,3.05
1081,Volfas Engelman Grünberger Hefeweizen,2020,3.2
1082,Warsteiner Premium Verum,2000,3.077777777777777
1083,Warsteiner Premium Verum,2001,3.0886792452830187
1084,Warsteiner Premium Verum,2002,2.922302158273381
1085,Warsteiner Premium Verum,2003,2.840298507462688
1086,Warsteiner Premium Verum,2004,2.7929577464788724
1087,Warsteiner Premium Verum,2005,2.5653594771241823
1088,Warsteiner Premium Verum,2006,2.7588652482269502
1089,Warsteiner Premium Verum,2007,2.6319371727748693
1090,Warsteiner Premium Verum,2008,2.685026737967916
1091,Warsteiner Premium Verum,2009,2.599999999999999
1092,Warsteiner Premium Verum,2010,2.6737373737373726
1093,Warsteiner Premium Verum,2011,2.632231404958679
1094,Warsteiner Premium Verum,2012,2.7313725490196075
1095,Warsteiner Premium Verum,2013,2.6705882352941157
1096,Warsteiner Premium Verum,2014,2.726543209876544
1097,Warsteiner Premium Verum,2015,2.689928057553956
1098,Warsteiner Premium Verum,2016,2.656
1099,Warsteiner Premium Verum,2017,2.681318681318681
1100,Warsteiner Premium Verum,2018,2.608333333333333
1101,Warsteiner Premium Verum,2019,2.833962264150943
1102,Warsteiner Premium Verum,2020,3.0277777777777777
1103,Warsteiner Premium Verum,2021,3.05
